{
  "RandomForestRegressor": {
    "n_estimators": 244,
    "max_depth": 38,
    "min_samples_split": 10,
    "min_samples_leaf": 1,
    "max_features": "sqrt",
    "bootstrap": false
  },
  "XGBRegressor": {
    "n_estimators": 466,
    "max_depth": 8,
    "learning_rate": 0.01503296242985941,
    "subsample": 0.7176786585500309,
    "colsample_bytree": 0.700063327773531,
    "gamma": 0.24037268508590015,
    "reg_alpha": 0.001593178910242921,
    "reg_lambda": 0.6576327056955297
  },
  "LGBMRegressor": {
    "n_estimators": 333,
    "max_depth": 10,
    "learning_rate": 0.06986854319566306,
    "subsample": 0.601313784654913,
    "colsample_bytree": 0.9599350031965543,
    "reg_alpha": 0.0007628994580288725,
    "reg_lambda": 1.009119426581911e-05
  }
}