,lb_stat,lb_pvalue
5,7.068039477918449,0.21562911034947896
10,21.029468326392717,0.020889015497313555
20,33.074949049888765,0.03310720729778458
